reaction_id,reaction_name,Reactant,Product,reaction,R1,R2,R3,condition,source,chapter
2-001,Acidic cleavage of dialkyl ethers with hydrogen halides,[R1a]O[R2b].[XH],[R2b][X],[R1a]O[R2b].[XH]>>[R2b][X],methyl;primary;secondary,methyl;primary;secondary;tertiary,,130-140 °C,library_1270_chapter_templates.json,2
2-002,Radical halogenation of alkanes,[R1a].[X][X],[R1a][X],[R1a].[X][X]>>[R1a][X],primary;secondary;tertiary,,,"Br2 | hv | light or 250 °C above | Br2, hv",library_1270_chapter_templates.json,2
2-003,Radical bromination of pentane at a secondary carbon,BrBr.CCCCC,CCC(Br)CC,BrBr.CCCCC>>CCC(Br)CC,,,,Br2,normalized_template_witnesses.json,2
2-004,Radical bromination of 3-methylpentane at the tertiary carbon,BrBr.CCC(C)CC,CCC(C)(Br)CC,BrBr.CCC(C)CC>>CCC(C)(Br)CC,,,,Br2,normalized_template_witnesses.json,2
4-001,Dehydrohalogenation of vinyl halides to alkynes,[X]C([R1a])=[R2b],C([R1a])#[R2b],[X]C([R1a])=[R2b]>>C([R1a])#[R2b],methyl,primary,,"KOH (conc.) (strong base), heat",library_1270_chapter_templates.json,4
4-002,Double dehydrohalogenation of vicinal dihalides to alkynes,[X]C(C([X])[R1a])[R1b],C(#C[R1a])[R1b],[X]C(C([X])[R1a])[R1b]>>C(#C[R1a])[R1b],methyl,,,"KOH, C4H9OH",library_1270_chapter_templates.json,4
4-003,Double dehydrohalogenation of alkenyl dihalides to enynes,C(C(C[X])[X])=[R1a],C=CC#[R1a],C(C(C[X])[X])=[R1a]>>C=CC#[R1a],methyl,,,"CH3CH2ONa,CH3CH2OH, heat",library_1270_chapter_templates.json,4
4-004,Dehydrohalogenation of bromoalkenes to internal alkynes,CCC=C(C)Br,CC#CCC,CCC=C(C)Br>>CC#CCC,,,,"KOH (conc.) (strong base), heat",normalized_template_witnesses.json,4
4-005,Nucleophilic aromatic substitution of aryl halides by hydroxide,[R1a][X].O,[R1a]O,[R1a][X].O>>[R1a]O,aryl,,,"1) 15% NaOH, 160 °C; 2) H+ | H2O, heating",library_1270_chapter_templates.json,4
4-006,Conjugate addition of lithium dialkylcuprates to enones,O=C(C=C([R1a])[R1b])[R1c].[Cu-]([R2d])[R2e],O=C(CC([R2e])([R1a])[R1b])[R1c],O=C(C=C([R1a])[R1b])[R1c].[Cu-]([R2d])[R2e]>>O=C(CC([R2e])([R1a])[R1b])[R1c],methyl,primary,,CuI,library_1270_chapter_templates.json,4
4-007,Copper-mediated conjugate addition of ethyllithium to enones,O=C(C=C([R1a])[R1b])[R1c].[Li]CC,CCC(CC(=O)[R1c])([R1a])[R1b],O=C(C=C([R1a])[R1b])[R1c].[Li]CC>>CCC(CC(=O)[R1c])([R1a])[R1b],methyl,,,CuI,library_1270_chapter_templates.json,4
4-008,"1,2-Addition of organolithium reagents to aldehydes and ketones",O=C([R1a])[R2b].[R3c][Li],OC([R1a])([R2b])[R3c],O=C([R1a])[R2b].[R3c][Li]>>OC([R1a])([R2b])[R3c],H;methyl;alkenyl,methyl;alkenyl,methyl;primary;secondary;tertiary;aryl,,library_1270_chapter_templates.json,4
4-009,"1,2-Addition of Grignard reagents to aldehydes and ketones",O=C([R1a])[R2b].[R3c][Mg][X],OC([R3c])([R1a])[R2b],O=C([R1a])[R2b].[R3c][Mg][X]>>OC([R3c])([R1a])[R2b],H;methyl;primary,H;methyl;primary;aryl;alkenyl,methyl;primary;secondary;tertiary;aryl,Base | Et2O | Base | CH3CH2MgBr,library_1270_chapter_templates.json,4
4-010,Addition of organolithium reagents to acetate derivatives for ketone synthesis,CC(=O)O.[Li]C[R1a],CCC(=O)[R1a],CC(=O)O.[Li]C[R1a]>>CCC(=O)[R1a],methyl,,,,library_1270_chapter_templates.json,4
4-011,Addition of organolithium reagents to carboxylates for ketone synthesis,O=C(O)[R1a].[R2b][Li],O=C([R1a])[R2b],O=C(O)[R1a].[R2b][Li]>>O=C([R1a])[R2b],methyl,methyl;secondary,,C[Li],library_1270_chapter_templates.json,4
4-012,"1,2-Addition of isopropyllithium to alpha,beta-unsaturated ketones",CC=CC(C)=O.[Li]C(C)C,CC=CC(C)(O)C(C)C,CC=CC(C)=O.[Li]C(C)C>>CC=CC(C)(O)C(C)C,,,,,normalized_template_witnesses.json,4
4-013,"1,2-Addition of ethyllithium to alpha,beta-unsaturated aldehydes",CC=CC=O.[Li]CC,CC=CC(O)CC,CC=CC=O.[Li]CC>>CC=CC(O)CC,,,,,normalized_template_witnesses.json,4
4-014,"1,2-Addition of phenyllithium to alpha,beta-unsaturated ketones",CC=CC(C)=O.[Li]c1ccccc1,CC=CC(C)(O)c1ccccc1,CC=CC(C)=O.[Li]c1ccccc1>>CC=CC(C)(O)c1ccccc1,,,,,normalized_template_witnesses.json,4
4-015,"1,2-Addition of methyllithium to alpha,beta-unsaturated aldehydes",CC=CC=O.[Li]C,CC=CC(C)O,CC=CC=O.[Li]C>>CC=CC(C)O,,,,,normalized_template_witnesses.json,4
4-016,"1,2-Addition of phenyllithium to alpha,beta-unsaturated aldehydes",CC=CC=O.[Li]c1ccccc1,CC=CC(O)c1ccccc1,CC=CC=O.[Li]c1ccccc1>>CC=CC(O)c1ccccc1,,,,,normalized_template_witnesses.json,4
4-017,"1,2-Addition of methyllithium to alpha,beta-unsaturated ketones",CC=CC(C)=O.[Li]C,CC=CC(C)(C)O,CC=CC(C)=O.[Li]C>>CC=CC(C)(C)O,,,,,normalized_template_witnesses.json,4
4-018,"1,2-Addition of isopropyllithium to alpha,beta-unsaturated aldehydes",CC=CC=O.[Li]C(C)C,CC=CC(O)C(C)C,CC=CC=O.[Li]C(C)C>>CC=CC(O)C(C)C,,,,,normalized_template_witnesses.json,4
4-019,"1,2-Addition of tert-butyllithium to alpha,beta-unsaturated ketones",CC=CC(C)=O.[Li]C(C)(C)C,CC=CC(C)(O)C(C)(C)C,CC=CC(C)=O.[Li]C(C)(C)C>>CC=CC(C)(O)C(C)(C)C,,,,,normalized_template_witnesses.json,4
4-020,"1,2-Addition of tert-butyllithium to alpha,beta-unsaturated aldehydes",CC=CC=O.[Li]C(C)(C)C,CC=CC(O)C(C)(C)C,CC=CC=O.[Li]C(C)(C)C>>CC=CC(O)C(C)(C)C,,,,,normalized_template_witnesses.json,4
4-021,"1,2-Addition of phenylmagnesium bromide to alpha,beta-unsaturated aldehydes",Br[Mg]c1ccccc1.CC=CC=O,CC=CC(O)c1ccccc1,Br[Mg]c1ccccc1.CC=CC=O>>CC=CC(O)c1ccccc1,,,,,normalized_template_witnesses.json,4
4-022,"1,2-Addition of ethyllithium to alpha,beta-unsaturated methyl ketones",CC=CC(C)=O.[Li]CC,CC=CC(C)(O)CC,CC=CC(C)=O.[Li]CC>>CC=CC(C)(O)CC,,,,,normalized_template_witnesses.json,4
4-023,"1,2-Addition of phenylmagnesium bromide to alpha,beta-unsaturated ketones",Br[Mg]c1ccccc1.CC=CC(C)=O,CC=CC(C)(O)c1ccccc1,Br[Mg]c1ccccc1.CC=CC(C)=O>>CC=CC(C)(O)c1ccccc1,,,,,normalized_template_witnesses.json,4
4-024,Double dehydrohalogenation of dihalides to conjugated dienes,C(CC[X])C[X],C=CC=C,C(CC[X])C[X]>>C=CC=C,,,,KOH,library_1270_chapter_templates.json,4
4-025,E2 elimination of primary alkyl halides,C(C[X])[R1a],CC=[R1a],C(C[X])[R1a]>>CC=[R1a],methyl,,,NaOEt,library_1270_chapter_templates.json,4
4-026,E2 elimination of substituted alkyl halides,[X]C([R1a])([R2b])[R3c],C([R1a])(=[R2b])[R3c],[X]C([R1a])([R2b])[R3c]>>C([R1a])(=[R2b])[R3c],H;methyl;primary,methyl;primary;secondary;benzyl,H;methyl;primary;aryl,"(CH3)3COK (bulk base), (CH3)3COH | NaOEt | Base | CH3CH2ONa",library_1270_chapter_templates.json,4
4-027,The E2 elimination reaction that follows the Zaitsev rule,[X]C([R1a])([R2b])[R3c],C([R1a])(=[R2b])[R3c],[X]C([R1a])([R2b])[R3c]>>C([R1a])(=[R2b])[R3c],H;methyl,primary;secondary;benzyl,H;methyl;primary;aryl,Base,normalized_template_witnesses.json,4
4-028,The E2 elimination reaction that follows the Hofmann rule,[X]C([R1a])([R2b])[R3c],C([R1a])(=[R2b])[R3c],[X]C([R1a])([R2b])[R3c]>>C([R1a])(=[R2b])[R3c],primary;secondary;benzyl,methyl,H;methyl;primary;aryl,Bluk Base,normalized_template_witnesses.json,4
4-029,E2 elimination of diaryl-substituted alkyl bromides,BrC(Cc1ccccc1)c1ccccc1,C(=C/c1ccccc1)\c1ccccc1,BrC(Cc1ccccc1)c1ccccc1>>C(=C/c1ccccc1)\c1ccccc1,,,,CH3CH2ONa,normalized_template_witnesses.json,4
4-030,Reduction of primary and secondary alkyl halides to alkanes,[R1a][X],[R1a],[R1a][X]>>[R1a],primary;secondary,,,"LiAlH4, diethyl etherorTHF | H2, Pd, CaCO3 | Zn, HCl | NaBH4, alcohol",library_1270_chapter_templates.json,4
4-031,Hydrogenolysis or zinc reduction of 1-bromopropane,CCCBr,CCC,CCCBr>>CCC,,,,"H2, Pd, CaCO3 | Zn, HCl",normalized_template_witnesses.json,4
4-032,Nucleophilic substitution of alkyl halides by hydroxide,[R1a][X].O,[R1a]O,[R1a][X].O>>[R1a]O,methyl;primary;secondary;tertiary,,,"H2O,NaOH | NaOH",library_1270_chapter_templates.json,4
4-033,Hydrolysis of 3-bromohexane to 3-hexanol,CCC(Br)CC.O,CCC(O)CC,CCC(Br)CC.O>>CCC(O)CC,,,,NaOH,normalized_template_witnesses.json,4
4-034,Copper-mediated conjugate addition of Grignard reagents to enones,O=C(C(=C([R1a])[R1b])[R1c])[R1d].[R2e][Mg][X],O=C(C(C([R2e])([R1a])[R1b])[R1c])[R1d],O=C(C(=C([R1a])[R1b])[R1c])[R1d].[R2e][Mg][X]>>O=C(C(C([R2e])([R1a])[R1b])[R1c])[R1d],H;methyl,primary;aryl,,CuI,library_1270_chapter_templates.json,4
4-035,Protonolysis of Grignard reagents by water,[R1a][Mg][X],[R1a],[R1a][Mg][X]>>[R1a],methyl,,,H2O,library_1270_chapter_templates.json,4
4-036,Carboxylation of Grignard reagents with carbon dioxide,[R1a][Mg][X].O=C=O,O=C(O)[R1a],[R1a][Mg][X].O=C=O>>O=C(O)[R1a],primary;secondary;aryl,,,,library_1270_chapter_templates.json,4
4-037,Carboxylation of propylmagnesium bromide with carbon dioxide,CCC[Mg]Br.O=C=O,CCCC(=O)O,CCC[Mg]Br.O=C=O>>CCCC(=O)O,,,,,normalized_template_witnesses.json,4
4-038,Corey-House coupling of lithium dialkylcuprates with alkyl halides,[R1a][Cu]([Li])[R1b].[R1c][X],[R1b][R1c],[R1a][Cu]([Li])[R1b].[R1c][X]>>[R1b][R1c],methyl,,,,library_1270_chapter_templates.json,4
4-039,Cross-coupling of Grignard reagents with organic halides,[R1a][Mg][X1].[R2b][X2],[R1a][R2b],[R1a][Mg][X1].[R2b][X2]>>[R1a][R2b],methyl;primary;secondary;tertiary;aryl;benzyl;secondary_allylic,methyl;primary;secondary;tertiary;alkenyl;benzyl;allyl;secondary_allylic,,ether | C[Mg]F,library_1270_chapter_templates.json,4
4-040,Coupling of substituted Grignard reagents with primary alkyl halides,[X1][Mg]C([R1a])[R1b].[R2c][X2],[R2c][R1a],[X1][Mg]C([R1a])[R1b].[R2c][X2]>>[R2c][R1a],methyl,primary,,,library_1270_chapter_templates.json,4
4-041,Coupling of branched Grignard reagents with primary alkyl halides,[X][Mg]C([R1a])[R1b].[R2c][X],[R1a][R2c],[X][Mg]C([R1a])[R1b].[R2c][X]>>[R1a][R2c],methyl,primary,,,library_1270_chapter_templates.json,4
4-042,Coupling of isopropylmagnesium chloride with vinyl iodides,CC(C)[Mg]Cl.CC/C=C/I,CC/C=C/C(C)C,CC(C)[Mg]Cl.CC/C=C/I>>CC/C=C/C(C)C,,,,,normalized_template_witnesses.json,4
4-043,Coupling of Grignard reagents with secondary allylic bromides,CC=CC(Br)CC.CC=CC(CC)[Mg]Br,CC=CC(CC)C(C=CC)CC,CC=CC(Br)CC.CC=CC(CC)[Mg]Br>>CC=CC(CC)C(C=CC)CC,,,,,normalized_template_witnesses.json,4
4-044,Coupling of methylmagnesium bromide with secondary allylic bromides,CC=CC(Br)CC.C[Mg]Br,CC=CC(C)CC,CC=CC(Br)CC.C[Mg]Br>>CC=CC(C)CC,,,,,normalized_template_witnesses.json,4
4-045,Coupling of propylmagnesium bromide with 1-bromopropane,CCCBr.CCC[Mg]Br,CCCCCC,CCCBr.CCC[Mg]Br>>CCCCCC,,,,,normalized_template_witnesses.json,4
4-046,Coupling of ethylmagnesium chloride with vinyl iodides,CC/C=C/I.CC[Mg]Cl,CC/C=C/CC,CC/C=C/I.CC[Mg]Cl>>CC/C=C/CC,,,,,normalized_template_witnesses.json,4
4-047,Alkylation of conjugated acetylides with methylmagnesium bromide,C=CC#C[Na].C[Mg]Br,C=CC#CC,C=CC#C[Na].C[Mg]Br>>C=CC#CC,,,,"CH3MgBr, ether",normalized_template_witnesses.json,4
4-048,Preparation of lithium dialkylcuprates from organolithium reagents and copper,[R1a][Li].[R1b][Li].[Cu],[R1a][Cu]([Li])[R1b],[R1a][Li].[R1b][Li].[Cu]>>[R1a][Cu]([Li])[R1b],methyl;primary,,,"diethyl ether, 0 °C, [Cu]I",library_1270_chapter_templates.json,4
4-049,Preparation of lithium dialkylcuprates from organolithium reagents and copper halides,[R1a][Li].[R1b][Li].[Cu][X],[R1a][Cu-][R1b],[R1a][Li].[R1b][Li].[Cu][X]>>[R1a][Cu-][R1b],primary,,,,library_1270_chapter_templates.json,4
4-050,Preparation of Grignard reagents from organic halides,[R1a][X].[Mg],[R1a][Mg][X],[R1a][X].[Mg]>>[R1a][Mg][X],methyl;primary;tertiary;aryl,,,"anhydrous diethyl ether | anhydrous diethyl ether | anhydrous diethyl ether, I2 | anhydrous diethyl ether, I2 | Et2O",library_1270_chapter_templates.json,4
4-051,Preparation of organolithium reagents by lithiation,[R1a].[Li],[R1a][Li],[R1a].[Li]>>[R1a][Li],methyl,,,Li,library_1270_chapter_templates.json,4
4-052,Preparation of propylmagnesium bromide from 1-bromopropane,CCCBr.[Mg],CCC[Mg]Br,CCCBr.[Mg]>>CCC[Mg]Br,,,,Et2O,normalized_template_witnesses.json,4
5-001,Allylic free-radical halogenation of alkenes,[R1a].[X][X],[R1a][X],[R1a].[X][X]>>[R1a][X],allyl;secondary_allylic,,,"hv | Br2, 500-600 °C, gas phase",library_1270_chapter_templates.json,5
5-002,Allylic bromination of hexenes,BrBr.CC=CCCC,CC=CC(Br)CC,BrBr.CC=CCCC>>CC=CC(Br)CC,,,,hv,normalized_template_witnesses.json,5
5-003,Prilezhaev epoxidation of monosubstituted alkenes,CC=[R1a].O=COO,C1OC1[R1a],CC=[R1a].O=COO>>C1OC1[R1a],methyl,,,RCOOOH,library_1270_chapter_templates.json,5
5-004,Electrophilic halogen addition to cyclopentadiene,C1=CCC=C1.[X][X],C1=CC([X])CC1[X],C1=CCC=C1.[X][X]>>C1=CC([X])CC1[X],,,,,library_1270_chapter_templates.json,5
5-005,Mixed-halogen addition to trisubstituted alkenes,C(C[R1a])=C([R1b])[R1c].[X1][X1].[X2H],CC(C([R1b])([R1c])[X1])([R1a])[X2],C(C[R1a])=C([R1b])[R1c].[X1][X1].[X2H]>>CC(C([R1b])([R1c])[X1])([R1a])[X2],methyl,,,,library_1270_chapter_templates.json,5
5-006,Electrophilic halogenation of trisubstituted alkenes,C(C[R1a])=C([R1b])[R1c].[X][X],CC(C([R1b])([R1c])[X])([R1a])[X],C(C[R1a])=C([R1b])[R1c].[X][X]>>CC(C([R1b])([R1c])[X])([R1a])[X],methyl,,,,library_1270_chapter_templates.json,5
5-007,Haloalkoxylation of trisubstituted alkenes,C(C[R1a])=C([R1b])[R1c].O[R2d].[X][X],CC(O[R2d])(C([R1b])([R1c])[X])[R1a],C(C[R1a])=C([R1b])[R1c].O[R2d].[X][X]>>CC(O[R2d])(C([R1b])([R1c])[X])[R1a],methyl,methyl;primary,,,library_1270_chapter_templates.json,5
5-008,Electrophilic halogenation of substituted alkenes,C(=C([R1a])[R2b])[R1c].[X][X],C(C([R1a])([R2b])[X])([R1c])[X],C(=C([R1a])[R2b])[R1c].[X][X]>>C(C([R1a])([R2b])[X])([R1c])[X],H;methyl,H;methyl;primary;alkenyl,,"Br2, low temperature | Br2, CCl4 | Br2",library_1270_chapter_templates.json,5
5-009,Mixed-halogen addition to disubstituted alkenes,CC=[R1a].[X1][X1].[X2H],C(C([R1a])[X2])[X1],CC=[R1a].[X1][X1].[X2H]>>C(C([R1a])[X2])[X1],methyl,,,,library_1270_chapter_templates.json,5
5-010,"Mixed-halogen addition to 1,1-disubstituted alkenes",C=C([R1a])[R1b].[X1][X1].[X2H],C(C([R1a])([R1b])[X2])[X1],C=C([R1a])[R1b].[X1][X1].[X2H]>>C(C([R1a])([R1b])[X2])[X1],methyl,,,,library_1270_chapter_templates.json,5
5-011,Haloalkoxylation of terminal alkenes,C=C([R1a])[R1b].O[R2c].[X][X],C(C(O[R2c])([R1a])[R1b])[X],C=C([R1a])[R1b].O[R2c].[X][X]>>C(C(O[R2c])([R1a])[R1b])[X],H;methyl,methyl;primary,,"Br2,CH3OH",library_1270_chapter_templates.json,5
5-012,Bromohydrin formation from ethene,C=C.O.[XH],OCC[X],C=C.O.[XH]>>OCC[X],,,,"Br2,H2O",library_1270_chapter_templates.json,5
5-013,Bromochlorination of ethene,C=C.[X1][X1].[X2-],C(C[X1])[X2],C=C.[X1][X1].[X2-]>>C(C[X1])[X2],,,,"Br2,NaCl",library_1270_chapter_templates.json,5
5-014,Markovnikov hydrohalogenation of substituted alkenes,C(C([R1a])[R1b])=[R1c].[XH],C(C([R1a])([R1b])[X])[R1c],C(C([R1a])[R1b])=[R1c].[XH]>>C(C([R1a])([R1b])[X])[R1c],methyl,,,HBr,library_1270_chapter_templates.json,5
5-015,"Thermodynamic 1,4-addition of hydrogen bromide to conjugated dienes",C=CC=[R1a].[XH],C(=C[R1a])C[X],C=CC=[R1a].[XH]>>C(=C[R1a])C[X],methyl,,,"HBr,40 °C",library_1270_chapter_templates.json,5
5-016,Free-radical anti-Markovnikov addition of hydrogen bromide to alkenes,C=CC.[XH],CCC[X],C=CC.[XH]>>CCC[X],,,,"HBr,ROOR",library_1270_chapter_templates.json,5
5-017,Halohydrin formation from trisubstituted alkenes,C(C[R1a])=C([R1b])[R1c].O.[X][X],CC(O)(C([R1b])([R1c])[X])[R1a],C(C[R1a])=C([R1b])[R1c].O.[X][X]>>CC(O)(C([R1b])([R1c])[X])[R1a],methyl,,,,library_1270_chapter_templates.json,5
5-018,Halohydrin formation from unsymmetrical alkenes,CC(=[R1a])[R2b].O.[X][X],OC(C[X])([R1a])[R2b],CC(=[R1a])[R2b].O.[X][X]>>OC(C[X])([R1a])[R2b],methyl,H;methyl,,,library_1270_chapter_templates.json,5
5-019,Hydroboration-oxidation of alkenes,CC=[R1a].O,OCC[R1a],CC=[R1a].O>>OCC[R1a],methyl,,,1) BH3 2)H2O2,library_1270_chapter_templates.json,5
5-020,Catalytic hydrogenation of substituted alkenes,[R1a]=[R2b],[R1a][R2b],[R1a]=[R2b]>>[R1a][R2b],methyl;primary;secondary,primary;secondary,,"H2, Pt | H2,catalyst | H2,Ni",library_1270_chapter_templates.json,5
5-021,Catalytic hydrogenation of hexenes,CCC=CCC,CCCCCC,CCC=CCC>>CCCCCC,,,,"H2, Pt",normalized_template_witnesses.json,5
5-022,Catalytic hydrogenation of butenes,C=CCC,CCCC,C=CCC>>CCCC,,,,"H2,Ni",normalized_template_witnesses.json,5
5-023,Syn-dihydroxylation of alkenes with osmium tetroxide,C(=C([R1a])[R2b])([R1c])[R2d].O=[Os](=O)(=O)=O,OC(C(O)([R1a])[R2b])([R1c])[R2d],C(=C([R1a])[R2b])([R1c])[R2d].O=[Os](=O)(=O)=O>>OC(C(O)([R1a])[R2b])([R1c])[R2d],H;methyl,H;methyl;primary,,OsO4,library_1270_chapter_templates.json,5
5-024,Syn-dihydroxylation of alkenes with dilute alkaline permanganate,C(=C([R1a])[R2b])([R1c])[R2d].O=[Mn](=O)(=O)[O-],OC(C(O)([R1a])[R2b])([R1c])[R2d],C(=C([R1a])[R2b])([R1c])[R2d].O=[Mn](=O)(=O)[O-]>>OC(C(O)([R1a])[R2b])([R1c])[R2d],H;methyl;primary,H;methyl,,"dil., KMnO4",library_1270_chapter_templates.json,5
5-025,Oxidative cleavage of substituted alkenes to carbonyl compounds,[R1a]=[R1b].O=[Mn](=O)(=O)[O-],[R1b]=O,[R1a]=[R1b].O=[Mn](=O)(=O)[O-]>>[R1b]=O,secondary,,,"conc., KMnO4",library_1270_chapter_templates.json,5
5-026,Oxidative cleavage of terminal alkenes to carboxylic acids,C([R1a])(=[R2b])[R1c].O=[Mn](=O)(=O)[O-],O=C(O)[R1a],C([R1a])(=[R2b])[R1c].O=[Mn](=O)(=O)[O-]>>O=C(O)[R1a],methyl,primary,,"conc., KMnO4",library_1270_chapter_templates.json,5
5-027,Oxidative cleavage of alkenes with concentrated permanganate,C([R1a])=[R1b].O=[Mn](=O)(=O)[O-],O=C(O)[R1a],C([R1a])=[R1b].O=[Mn](=O)(=O)[O-]>>O=C(O)[R1a],methyl;primary,,,"conc., KMnO4",library_1270_chapter_templates.json,5
5-028,Reductive ozonolysis of alkenes,[R1a]=[R1b].O=[O+][O-],[R1b]=O,[R1a]=[R1b].O=[O+][O-]>>[R1b]=O,primary,,,"1) O3; 2)H2O,Zn,HOAc",library_1270_chapter_templates.json,5
5-029,Base-catalyzed isomerization of alkynes,C#CC[R1a],CC#C[R1a],C#CC[R1a]>>CC#C[R1a],methyl,,,"KOH or CH3CH2ONa, heat",library_1270_chapter_templates.json,5
5-030,Alkylation of acetylide anions with primary alkyl halides,[R1a][X].[R2b][Na],[R1a][R2b],[R1a][X].[R2b][Na]>>[R1a][R2b],primary,alkynyl,,NH3(liquid),library_1270_chapter_templates.json,5
5-031,Alkylation of propynide with 1-bromopropane,C#CC.CCCBr,CC#CCCC,C#CC.CCCBr>>CC#CCCC,,,,NaNH2,normalized_template_witnesses.json,5
5-032,Hydrohalogenation of alkynes with one equivalent of hydrogen halide,C(#[R1a])[R2b].[XH],[X]C(=[R1a])[R2b],C(#[R1a])[R2b].[XH]>>[X]C(=[R1a])[R2b],primary,methyl,,HBr,library_1270_chapter_templates.json,5
5-033,Halogenation of alkynes with one equivalent of halogen,C(#C[R1a])[R1b].[X][X],[X]C(=C([X])[R1a])[R1b],C(#C[R1a])[R1b].[X][X]>>[X]C(=C([X])[R1a])[R1b],methyl,,,"Br2,low temperature",library_1270_chapter_templates.json,5
5-034,Double dehydrohalogenation of vicinal dihalides to terminal alkynes,C(C([R1a])[X])[X],C#C[R1a],C(C([R1a])[X])[X]>>C#C[R1a],primary,,,,library_1270_chapter_templates.json,5
5-035,Hydration or hydroboration-oxidation of alkynes to carbonyl compounds,C(#[R1a])[R2b].O,O=C([R1a])[R2b],C(#[R1a])[R2b].O>>O=C([R1a])[R2b],primary,H;methyl,,"1) BH3 2)H2O2 | H2SO4,H2O | 1) BH3 2)H2O2",library_1270_chapter_templates.json,5
5-036,Complete catalytic hydrogenation of alkynes to alkanes,CC#[R1a],CC[R1a],CC#[R1a]>>CC[R1a],primary,,,"H2, Pd or Ni",library_1270_chapter_templates.json,5
5-037,Dissolving-metal reduction of internal alkynes to trans-alkenes,CC#CCC,CC=CCC,CC#CCC>>CC=CCC,,,,"Li,NH3",normalized_template_witnesses.json,5
5-038,Dissolving-metal reduction of enynes to conjugated trans-dienes,C=CC#CC,C=C/C=C/C,C=CC#CC>>C=C/C=C/C,,,,"Li, NH3(liquid)",normalized_template_witnesses.json,5
5-039,Partial reduction of internal alkynes to cis-alkenes,CC#CC,C/C=C\C,CC#CC>>C/C=C\C,,,,1) B2H6; 2)HOAc | H2 Lindlar catalysis,normalized_template_witnesses.json,5
5-040,Dissolving-metal reduction of internal alkynes to trans-2-butenes,CC#CC,C/C=C/C,CC#CC>>C/C=C/C,,,,Li or Na NH3,normalized_template_witnesses.json,5
5-041,Catalytic hydrogenation of cyclopropanes with ring opening,C1CC1,CCC,C1CC1>>CCC,,,,"H2,Ni,40 °C or pd/C, 50 °C",library_1270_chapter_templates.json,5
5-042,Electrophilic halogen addition to cyclopropanes with ring opening,C1CC1.[X][X],C(C[X])C[X],C1CC1.[X][X]>>C(C[X])C[X],,,,"Cl2, FeCl3",library_1270_chapter_templates.json,5
5-043,Acid-catalyzed hydration of cyclopropanes with ring opening,C1CC1.O,CCCO,C1CC1.O>>CCCO,,,,"H2SO4, H2O",normalized_template_witnesses.json,5
5-044,"Diels-Alder reaction of cyclopentadiene with alpha,beta-unsaturated carbonyls",C1=CCC=C1.C=CC(=O)[R1a],O=C(C1CC2C=CC1C2)[R1a],C1=CCC=C1.C=CC(=O)[R1a]>>O=C(C1CC2C=CC1C2)[R1a],methyl,,,,library_1270_chapter_templates.json,5
5-045,General Diels-Alder [4+2] cycloaddition,C(C(=C([R1a])[R1b])[R1c])(=C([R1d])[R1e])[R1f].C(=C([R1g])[R1h])([R1i])[R1j],C1([R1f])=C([R1c])C([R1e])([R1a])C([R1h])([R1g])C([R1j])([R1i])C1([R1b])[R1d],C(C(=C([R1a])[R1b])[R1c])(=C([R1d])[R1e])[R1f].C(=C([R1g])[R1h])([R1i])[R1j]>>C1([R1f])=C([R1c])C([R1e])([R1a])C([R1h])([R1g])C([R1j])([R1i])C1([R1b])[R1d],H;methyl;methoxycarbonyl,,,heating | heat,slot-compression prototype,5
5-046,Diels-Alder [4+2] cycloaddition with connectivity pattern A,C(C(=C([R1a])[R1b])[R1c])(=C([R1d])[R1e])[R1f].C(=C([R1g])[R1h])([R1i])[R1j],C1([R1f])=C([R1a])C([R1c])([R1b])C([R1j])([R1i])C([R1g])([R1h])C1([R1d])[R1e],C(C(=C([R1a])[R1b])[R1c])(=C([R1d])[R1e])[R1f].C(=C([R1g])[R1h])([R1i])[R1j]>>C1([R1f])=C([R1a])C([R1c])([R1b])C([R1j])([R1i])C([R1g])([R1h])C1([R1d])[R1e],H;methyl,,,,slot-compression prototype,5
5-047,Diels-Alder [4+2] cycloaddition with connectivity pattern B,C(C(=C([R1a])[R1b])[R1c])(=C([R1d])[R1e])[R1f].C(=C([R1g])[R1h])([R1i])[R1j],C1([R1c])=C([R1g])C([R1j])([R1b])C([R1i])([R1h])C([R1f])([R1a])C1([R1d])[R1e],C(C(=C([R1a])[R1b])[R1c])(=C([R1d])[R1e])[R1f].C(=C([R1g])[R1h])([R1i])[R1j]>>C1([R1c])=C([R1g])C([R1j])([R1b])C([R1i])([R1h])C([R1f])([R1a])C1([R1d])[R1e],H;methyl,,,,slot-compression prototype,5
5-048,Diels-Alder [4+2] cycloaddition with connectivity pattern C,C(C(=C([R1a])[R1b])[R1c])(=C([R1d])[R1e])[R1f].C(=C([R1g])[R1h])([R1i])[R1j],C1([R1d])=C([R1g])C([R1j])([R1f])C([R1a])([R1h])C([R1i])([R1b])C1([R1c])[R1e],C(C(=C([R1a])[R1b])[R1c])(=C([R1d])[R1e])[R1f].C(=C([R1g])[R1h])([R1i])[R1j]>>C1([R1d])=C([R1g])C([R1j])([R1f])C([R1a])([R1h])C([R1i])([R1b])C1([R1c])[R1e],H;methyl,,,,slot-compression prototype,5
5-049,Diels-Alder [4+2] cycloaddition with connectivity pattern D,C(C(=C([R1a])[R1b])[R1c])(=C([R1d])[R1e])[R1f].C(=C([R1g])[R1h])([R1i])[R1j],C1([R1i])=C([R1b])C([R1j])([R1d])C([R1e])([R1f])C([R1g])([R1h])C1([R1a])[R1c],C(C(=C([R1a])[R1b])[R1c])(=C([R1d])[R1e])[R1f].C(=C([R1g])[R1h])([R1i])[R1j]>>C1([R1i])=C([R1b])C([R1j])([R1d])C([R1e])([R1f])C([R1g])([R1h])C1([R1a])[R1c],H;methyl,,,,slot-compression prototype,5
5-050,Diels-Alder [4+2] cycloaddition with connectivity pattern E,C(C(=C([R1a])[R1b])[R1c])(=C([R1d])[R1e])[R1f].C(=C([R1g])[R1h])([R1i])[R1j],C1([R1b])=C([R1g])C([R1j])([R1i])C([R1d])([R1e])C([R1c])([R1a])C1([R1f])[R1h],C(C(=C([R1a])[R1b])[R1c])(=C([R1d])[R1e])[R1f].C(=C([R1g])[R1h])([R1i])[R1j]>>C1([R1b])=C([R1g])C([R1j])([R1i])C([R1d])([R1e])C([R1c])([R1a])C1([R1f])[R1h],H;methyl,,,,slot-compression prototype,5
5-051,"Diels-Alder reaction of 1,3-pentadiene with methyl acrylate",C=C/C=C/C.C=CC(=O)OC,COC(=O)C1CCC=CC1C,C=C/C=C/C.C=CC(=O)OC>>COC(=O)C1CCC=CC1C,,,,,normalized_template_witnesses.json,5
5-052,Preparation of peroxy acids from carboxylic acids and hydrogen peroxide,O=CO.OO,O=COO,O=CO.OO>>O=COO,,,,H2O2,library_1270_chapter_templates.json,5
6-001,Desulfonation of arenes under acidic conditions,[R1a]S(=O)(=O)O,[R1a],[R1a]S(=O)(=O)O>>[R1a],aryl,,,H3O+,library_1270_chapter_templates.json,6
6-002,Electrophilic halogenation of arenes,[R1a].[X][X],[R1a][X],[R1a].[X][X]>>[R1a][X],aryl,,,"AlCl3 | Cl2,H+,non-polar solvent | AlBr3",library_1270_chapter_templates.json,6
6-003,Catalytic hydrogenation of benzene to cyclohexane,c1ccccc1,C1CCCCC1,c1ccccc1>>C1CCCCC1,,,,"H2,Ni,150-200 °C,150 atm",library_1270_chapter_templates.json,6
6-004,Wittig olefination of carbonyl compounds with substituted phosphoranes,[R1a]=O.[R2b]P(=[R3c])([R2d])[R2e],[R1a]=[R3c],[R1a]=O.[R2b]P(=[R3c])([R2d])[R2e]>>[R1a]=[R3c],methyl;primary;secondary,aryl,methyl;primary,,library_1270_chapter_templates.json,6
6-005,Wittig olefination of ketones with phosphorus ylides,O=C([R1a])[R1b].[R2c]P(=[R1d])([R2e])[R2f],C([R1a])(=[R1b])[R1d],O=C([R1a])[R1b].[R2c]P(=[R1d])([R2e])[R2f]>>C([R1a])(=[R1b])[R1d],primary,aryl,,,library_1270_chapter_templates.json,6
6-006,Wittig olefination of 3-pentanone,C=P(c1ccccc1)(c1ccccc1)c1ccccc1.CCC(=O)CC,C=C(CC)CC,C=P(c1ccccc1)(c1ccccc1)c1ccccc1.CCC(=O)CC>>C=C(CC)CC,,,,,normalized_template_witnesses.json,6
6-007,Electrophilic nitration of arenes,[R1a].O=[N+]([O-])O,[R1a][N+](=O)[O-],[R1a].O=[N+]([O-])O>>[R1a][N+](=O)[O-],aryl,,,"20% HNO3 | H2SO4,HNO3 | H2SO4,HNO3",library_1270_chapter_templates.json,6
6-008,Benzylic free-radical halogenation of alkylbenzenes,[R1a].[X][X],[R1a][X],[R1a].[X][X]>>[R1a][X],benzyl;secondary_benzylic,,,"Cl2, hv | Br2,hv or high temperature | Br2, hv",library_1270_chapter_templates.json,6
6-009,Addition chlorination of benzene to hexachlorocyclohexane,[X][X].[X][X].[X][X].c1ccccc1,C1([X])C([X])C([X])C([X])C([X])C1[X],[X][X].[X][X].[X][X].c1ccccc1>>C1([X])C([X])C([X])C([X])C([X])C1[X],,,,"Cl2, hv or ROOR",library_1270_chapter_templates.json,6
6-010,Benzylic bromination of propylbenzene,BrBr.CCCc1ccccc1,CCC(Br)c1ccccc1,BrBr.CCCc1ccccc1>>CCC(Br)c1ccccc1,,,,"Br2, hv",normalized_template_witnesses.json,6
6-011,Oxidation of benzylic side chains to aldehydes with chromium trioxide,[R1a].O=[Cr](=O)=O,[R1a]=O,[R1a].O=[Cr](=O)=O>>[R1a]=O,benzyl,,,"1) CrO3,HOAc; 2)H2O",library_1270_chapter_templates.json,6
6-012,Oxidation of alkylbenzene side chains to benzoic acids with permanganate,C([R1a])[R2b].O=[Mn](=O)(=O)[O-],O=C(O)[R1a],C([R1a])[R2b].O=[Mn](=O)(=O)[O-]>>O=C(O)[R1a],aryl,methyl,,"KMnO4,heating",library_1270_chapter_templates.json,6
6-013,Electrophilic sulfonation of arenes,[R1a].O=S(=O)(O)O,[R1a]S(=O)(=O)O,[R1a].O=S(=O)(O)O>>[R1a]S(=O)(=O)O,aryl,,,"H2SO4, 0-60 °C | X2,conc. H2SO4 | H2SO4 | X2,conc. H2SO4",library_1270_chapter_templates.json,6
6-014,Formation of arylsulfonate esters from sulfonyl halides and alcohols,[R1a]S(=O)(=O)[X].[R2b]O,[R1a]S(=O)(=O)O[R2b],[R1a]S(=O)(=O)[X].[R2b]O>>[R1a]S(=O)(=O)O[R2b],aryl,methyl;primary;tertiary,,py,library_1270_chapter_templates.json,6
6-015,Friedel-Crafts acylation of arenes,O=C([X])[R1a].[R2b],O=C([R1a])[R2b],O=C([X])[R1a].[R2b]>>O=C([R1a])[R2b],methyl;primary,aryl,,AlCl3,library_1270_chapter_templates.json,6
6-016,Friedel-Crafts alkylation of arenes with substituted alkyl halides,C(C[X])[R1a].[R2b],CC([R1a])[R2b],C(C[X])[R1a].[R2b]>>CC([R1a])[R2b],methyl,aryl,,AlCl3,library_1270_chapter_templates.json,6
6-017,Friedel-Crafts alkylation of arenes with primary alkyl halides,[R1a][X].[R2b],[R1a][R2b],[R1a][X].[R2b]>>[R1a][R2b],primary,aryl,,AlCl3,library_1270_chapter_templates.json,6
6-018,Friedel-Crafts alkylation of arenes with alkenes,C=[R1a].[R2b],C([R1a])[R2b],C=[R1a].[R2b]>>C([R1a])[R2b],methyl,aryl,,AlCl3,library_1270_chapter_templates.json,6
7-001,Conversion of alcohols to alkyl halides with phosphorus trihalides,[R1a]O.[X]P([X])[X],[R1a][X],[R1a]O.[X]P([X])[X]>>[R1a][X],methyl;primary;secondary;tertiary,,,PCl3 or POCl3 or SOCl2 | PCl3 | PCl3 or POCl3 or SOCl2 | PBr3 | PBr3 or POBr3 | PBr3 or POBr3,library_1270_chapter_templates.json,7
7-002,Conversion of primary alcohols to alkyl chlorides with thionyl chloride,[R1a]O.O=S([X])[X],[R1a][X],[R1a]O.O=S([X])[X]>>[R1a][X],primary,,,SOCl2,library_1270_chapter_templates.json,7
7-003,Halogenation of phenol in neutral or basic medium,c1ccccc1.[X][X].[X][X],[X]c1cc([X])cc([X])c1,c1ccccc1.[X][X].[X][X]>>[X]c1cc([X])cc([X])c1,,,,"neutral or alkaline | Cl2, neutral or alkaline",library_1270_chapter_templates.json,7
7-004,Conversion of 1-propanol to 1-bromopropane with phosphorus tribromide,BrP(Br)Br.CCCO,CCCBr,BrP(Br)Br.CCCO>>CCCBr,,,,,normalized_template_witnesses.json,7
7-005,Oxidation of primary and secondary alcohols to carbonyl compounds,[R1a]O,[R1a]=O,[R1a]O>>[R1a]=O,primary;secondary,,,"CuCrO4 | PCC(Py2.CrO3),DCM | I2 | PCC | CuCrO4 | KMnO4,OH-",library_1270_chapter_templates.json,7
7-006,Oxidative cleavage of vicinal diols with periodic acid or lead tetraacetate,OC(C(O)[R1a])[R1b],O=C[R1b],OC(C(O)[R1a])[R1b]>>O=C[R1b],methyl,,,HIO4 | Pb(OAc)4,library_1270_chapter_templates.json,7
7-007,Oxidative decarboxylation of alpha-hydroxy carboxylic acids,O=C(O)C(O)[R1a],O=C[R1a],O=C(O)C(O)[R1a]>>O=C[R1a],methyl,,,Pb(OAc)4,library_1270_chapter_templates.json,7
7-008,Oxidative cleavage of alpha-hydroxy ketones to carboxylic acids,O=C(C(O)[R1a])[R1b],O=C(O)[R1a],O=C(C(O)[R1a])[R1b]>>O=C(O)[R1a],methyl,,,HIO4 | Pb(OAc)4,library_1270_chapter_templates.json,7
7-009,Oxidation of primary alcohols to carboxylic acids with permanganate,OC[R1a].O=[Mn](=O)(=O)[O-],O=C(O)[R1a],OC[R1a].O=[Mn](=O)(=O)[O-]>>O=C(O)[R1a],methyl;primary,,,"KMnO4 | KMnO4,OH-",library_1270_chapter_templates.json,7
7-010,Carboxylation of arylmagnesium intermediates with carbon dioxide,[R1a].O=C=O,O=C(O)[R1a],[R1a].O=C=O>>O=C(O)[R1a],aryl,,,"1.Br2; 2.Mg,THF; 3.CO2 | NaOH",library_1270_chapter_templates.json,7
7-011,Oxidation of secondary alcohols to ketones with PCC,CCC(O)CC,CCC(=O)CC,CCC(O)CC>>CCC(=O)CC,,,,PCC,normalized_template_witnesses.json,7
7-012,Oxidation of primary alcohols to aldehydes with PCC,CCCO,CCC=O,CCCO>>CCC=O,,,,PCC,normalized_template_witnesses.json,7
7-013,Formation of sulfonate esters from alcohols,[R1a]S(=O)(=O)[X].[R1b]O,[R1a]S(=O)(=O)O[R1b],[R1a]S(=O)(=O)[X].[R1b]O>>[R1a]S(=O)(=O)O[R1b],primary,,,,library_1270_chapter_templates.json,7
7-014,Acid-catalyzed dehydration of substituted alcohols,OC([R1a])([R2b])[R3c],C([R1a])([R2b])=[R3c],OC([R1a])([R2b])[R3c]>>C([R1a])([R2b])=[R3c],H;methyl,H;methyl;aryl,methyl;primary;secondary,H2SO5 | H+ | H2SO4,library_1270_chapter_templates.json,7
7-015,Acid-catalyzed dehydration of beta-substituted alcohols,OCC([R1a])[R1b],CC([R1a])=[R1b],OCC([R1a])[R1b]>>CC([R1a])=[R1b],methyl,,,H2SO4,library_1270_chapter_templates.json,7
7-016,Esterification of alcohols with acid anhydrides,O=C(OC(=O)[R1a])[R1b].[R2c]O,O=C(O[R2c])[R1b],O=C(OC(=O)[R1a])[R1b].[R2c]O>>O=C(O[R2c])[R1b],methyl,primary,,H+,library_1270_chapter_templates.json,7
7-017,Fischer esterification of carboxylic acids with alcohols,O=C(O)[R1a].[R2b]O,O=C(O[R2b])[R1a],O=C(O)[R1a].[R2b]O>>O=C(O[R2b])[R1a],H;methyl;primary,methyl;primary;tertiary,,H+,library_1270_chapter_templates.json,7
7-018,Fischer esterification of nicotinic acid with alcohols,[R1a]O.O=C(O)c1ccccn1,O=C(O[R1a])c1ccccn1,[R1a]O.O=C(O)c1ccccn1>>O=C(O[R1a])c1ccccn1,methyl,,,H2SO4,library_1270_chapter_templates.json,7
8-001,Base-promoted ring opening of substituted epoxides with secondary amines,C1OC1([R1a])[R1b].[R2c]N[R2d],OCC(N([R2c])[R2d])([R1a])[R1b],C1OC1([R1a])[R1b].[R2c]N[R2d]>>OCC(N([R2c])[R2d])([R1a])[R1b],H;methyl,methyl;primary,,Base,library_1270_chapter_templates.json,8
8-002,Ring opening of ethylene oxide with substituted amines,C(N[R1a])[R2b].C1CO1,OCCN(C[R2b])[R1a],C(N[R1a])[R2b].C1CO1>>OCCN(C[R2b])[R1a],primary,methyl,,Base,library_1270_chapter_templates.json,8
8-003,Base-promoted ring opening of substituted epoxides with primary amines,C1OC1([R1a])[R1b].[R2c]N,OCC(N[R2c])([R1a])[R1b],C1OC1([R1a])[R1b].[R2c]N>>OCC(N[R2c])([R1a])[R1b],H;methyl,methyl;primary,,Base,library_1270_chapter_templates.json,8
8-004,Acid-promoted ring opening of nitrile-substituted epoxides,N#CCC1OC1([R1a])[R1b],CC(O)C(C#N)([R1a])[R1b],N#CCC1OC1([R1a])[R1b]>>CC(O)C(C#N)([R1a])[R1b],methyl,,,H+,library_1270_chapter_templates.json,8
8-005,Acid-promoted rearrangement of cyano-substituted epoxides,N#CC1OC1([R1a])[R2b],N#CC(CO)([R1a])[R2b],N#CC1OC1([R1a])[R2b]>>N#CC(CO)([R1a])[R2b],H;methyl,methyl,,H+,library_1270_chapter_templates.json,8
8-006,Base-promoted ring opening of substituted epoxides with cyanide,C1OC1([R1a])[R1b].C#N,N#CC(CO)([R1a])[R1b],C1OC1([R1a])[R1b].C#N>>N#CC(CO)([R1a])[R1b],H;methyl,,,Base,library_1270_chapter_templates.json,8
8-007,Acid-catalyzed hydrolysis of cyano-substituted epoxides,N#CC1CO1,N#CCCO,N#CC1CO1>>N#CCCO,,,,H+,library_1270_chapter_templates.json,8
8-008,Ring opening of substituted epoxides with ammonia,C1OC1([R1a])[R1b].N,NC(CO)([R1a])[R1b],C1OC1([R1a])[R1b].N>>NC(CO)([R1a])[R1b],H;methyl,,,Base,library_1270_chapter_templates.json,8
8-009,Acid-catalyzed ring opening of substituted epoxides with hydrogen halides,C1OC1([R1a])[R1b].[XH],OCC([X])([R1a])[R1b],C1OC1([R1a])[R1b].[XH]>>OCC([X])([R1a])[R1b],H;methyl,,,Base | H+,library_1270_chapter_templates.json,8
8-010,Acid-catalyzed hydrolysis of ethylene oxide to ethylene glycol,C1CO1.O,OCCO,C1CO1.O>>OCCO,,,,H+,library_1270_chapter_templates.json,8
8-011,Ring opening of substituted epoxides with Grignard reagents,C1OC1([R1a])[R1b].[R2c][Mg][X],OCC([R2c])([R1a])[R1b],C1OC1([R1a])[R1b].[R2c][Mg][X]>>OCC([R2c])([R1a])[R1b],H;methyl,methyl;primary;secondary;tertiary,,Base,library_1270_chapter_templates.json,8
8-012,Ring opening of substituted epoxides with alcohols or alkoxides,C1OC1([R1a])[R1b].[R2c]O,OCC(O[R2c])([R1a])[R1b],C1OC1([R1a])[R1b].[R2c]O>>OCC(O[R2c])([R1a])[R1b],H;methyl,methyl;primary;tertiary;aryl,,H+ | Base | Base | H+,library_1270_chapter_templates.json,8
8-013,Ring opening of ethylene oxide with propylmagnesium bromide,C1CO1.CCC[Mg]Br,CCCCCO,C1CO1.CCC[Mg]Br>>CCCCCO,,,,,normalized_template_witnesses.json,8
8-014,Prilezhaev epoxidation of tetrasubstituted alkenes,C(=C([R1a])[R1b])([R1c])[R1d].OO,O1C([R1c])([R1d])C1([R1a])[R1b],C(=C([R1a])[R1b])([R1c])[R1d].OO>>O1C([R1c])([R1d])C1([R1a])[R1b],methyl,,,RCOOOH,library_1270_chapter_templates.json,8
8-015,Williamson ether synthesis,[R1a][X].[R2b]O,[R1a]O[R2b],[R1a][X].[R2b]O>>[R1a]O[R2b],methyl;primary;secondary;tertiary,methyl;primary;tertiary,,Base,library_1270_chapter_templates.json,8
9-001,Acid-catalyzed hydrolysis of acetals to carbonyl compounds,O(C(O[R1a])([R1b])[R1c])[R1d],O=C([R1b])[R1c],O(C(O[R1a])([R1b])[R1c])[R1d]>>O=C([R1b])[R1c],methyl,,,,library_1270_chapter_templates.json,9
9-002,Formation of acyl halides from carboxylic acids,O=C(O)[R1a].[X]P([X])[X],O=C([X])[R1a],O=C(O)[R1a].[X]P([X])[X]>>O=C([X])[R1a],methyl;primary,,,PBr3 or POBr3 | PCl3 or POCl3 or SOCl2,library_1270_chapter_templates.json,9
9-003,Alcoholysis of acyl halides to esters,O=C([X])[R1a].[R2b]O,O=C(O[R2b])[R1a],O=C([X])[R1a].[R2b]O>>O=C(O[R2b])[R1a],methyl,methyl;primary;tertiary,,py,library_1270_chapter_templates.json,9
9-004,Reduction of acyl halides to primary alcohols,O=C([X])[R1a],OC[R1a],O=C([X])[R1a]>>OC[R1a],methyl,,,"H2, Pd or Ni | LiAlH4, diethyl etherorTHF | NaBH4, alcohol",library_1270_chapter_templates.json,9
9-005,Aldol addition of formaldehyde to enolizable aldehydes,C=O.O=CC[R1a],O=CC(CO)[R1a],C=O.O=CC[R1a]>>O=CC(CO)[R1a],H;methyl,,,H+,library_1270_chapter_templates.json,9
9-006,Intramolecular aldol condensation to cyclohexenones,CC(=O)C=CCC(=O)[R1a],O=C1C=CCC([R1a])=C1,CC(=O)C=CCC(=O)[R1a]>>O=C1C=CCC([R1a])=C1,methyl,,,H+,library_1270_chapter_templates.json,9
9-007,Crossed aldol condensation of acetaldehyde with dicarbonyl compounds,CC=O.O=C(CC(=O)[R1a])[R1b],O=CC=C(CC(=O)[R1b])[R1a],CC=O.O=C(CC(=O)[R1a])[R1b]>>O=CC=C(CC(=O)[R1b])[R1a],methyl,,,H+,library_1270_chapter_templates.json,9
9-008,Aldol condensation of aldehydes and ketones,CC=O.O=[R1a],O=CC=[R1a],CC=O.O=[R1a]>>O=CC=[R1a],methyl;primary;secondary;benzyl;secondary_benzylic,,,H+ or NaOH | H+,library_1270_chapter_templates.json,9
9-009,Dehydration of primary amides to nitriles,NC(=O)[R1a],N#C[R1a],NC(=O)[R1a]>>N#C[R1a],methyl,,,P2O5 | SOCl2,library_1270_chapter_templates.json,9
9-010,Amide formation from carboxylic acids and ammonia,O=C(O)[R1a].N,NC(=O)[R1a],O=C(O)[R1a].N>>NC(=O)[R1a],methyl,,,,library_1270_chapter_templates.json,9
9-011,Formation of cyclic imides from dicarboxylic acids and ammonia,N.O=C(O)CC(=O)CC(=O)O,O=C1CC(=O)NC(=O)C1,N.O=C(O)CC(=O)CC(=O)O>>O=C1CC(=O)NC(=O)C1,,,,PBr3,library_1270_chapter_templates.json,9
9-012,Amide formation from carboxylic acids and primary amines,O=C(O)[R1a].[R2b]N,O=C(N[R2b])[R1a],O=C(O)[R1a].[R2b]N>>O=C(N[R2b])[R1a],methyl,primary,,,library_1270_chapter_templates.json,9
9-013,Aminolysis of acyl halides to amides,O=C([X])[R1a].[R2b]N,O=C(N[R2b])[R1a],O=C([X])[R1a].[R2b]N>>O=C(N[R2b])[R1a],methyl,primary,,,library_1270_chapter_templates.json,9
9-014,Partial reduction of cyclic imides to lactams with lithium aluminum hydride,O=C1CC(=O)NC(=O)C1,O=C1CCNCC1,O=C1CC(=O)NC(=O)C1>>O=C1CCNCC1,,,,LiAlH4,library_1270_chapter_templates.json,9
9-015,Reduction of amides to amines,O=C(N[R1a])[R1b],C(N[R1a])[R1b],O=C(N[R1a])[R1b]>>C(N[R1a])[R1b],methyl,,,"(BH3)2 | LiAlH4, diethyl etherorTHF",library_1270_chapter_templates.json,9
9-016,Thermal amide formation from ammonium carboxylates,O=C(O)[R1a].N,NC(=O)[R1a],O=C(O)[R1a].N>>NC(=O)[R1a],primary,,,heating,library_1270_chapter_templates.json,9
9-017,Schmidt rearrangement of ketones to amides,O=C([R1a])[R2b].[N-]=[N+]=N,O=C(N[R2b])[R1a],O=C([R1a])[R2b].[N-]=[N+]=N>>O=C(N[R2b])[R1a],methyl,methyl;primary;secondary;tertiary,,1)H+ 2)Heat 3)H2O,library_1270_chapter_templates.json,9
9-018,Wolff rearrangement of aryl diazoketones to amides,[N-]=[N+]=CC(=O)[R1a],NC(=O)[R1a],[N-]=[N+]=CC(=O)[R1a]>>NC(=O)[R1a],aryl,,,Ag2O,library_1270_chapter_templates.json,9
9-019,Wolff rearrangement of alkyl diazoketones with one-carbon homologation,[N-]=[N+]=CC(=O)[R1a],NC(=O)C[R1a],[N-]=[N+]=CC(=O)[R1a]>>NC(=O)C[R1a],primary;secondary;tertiary,,,Ag2O,library_1270_chapter_templates.json,9
9-020,"Cyclic acetal formation from carbonyl compounds and 1,3-propanediol",O=C([R1a])[R1b].OCCCO,C1COC([R1a])([R1b])OC1,O=C([R1a])[R1b].OCCCO>>C1COC([R1a])([R1b])OC1,methyl,,,,library_1270_chapter_templates.json,9
9-021,Corey-Chaykovsky epoxidation of ketones with sulfur ylides,C=S([R1a])[R1b].O=C(C[R1c])[R2d],C1OC1(C[R1c])[R2d],C=S([R1a])[R1b].O=C(C[R1c])[R2d]>>C1OC1(C[R1c])[R2d],methyl,primary,,,library_1270_chapter_templates.json,9
9-022,Corey-Chaykovsky epoxidation of methyl ketones with sulfoxonium ylides,CC(=O)[R1a].S(=[R1b])([R1c])[R1d],C1OC1([R1c])[R1a],CC(=O)[R1a].S(=[R1b])([R1c])[R1d]>>C1OC1([R1c])[R1a],methyl,,,,library_1270_chapter_templates.json,9
9-023,Corey-Chaykovsky epoxidation of aldehydes with sulfoxonium ylides,CS(=[R1a])[R1b].O=C[R2c],C1OC1[R2c],CS(=[R1a])[R1b].O=C[R2c]>>C1OC1[R2c],methyl,H;methyl,,,library_1270_chapter_templates.json,9
9-024,Alkylation of malonate derivatives with halo carbonyl compounds,O=C(CC(=O)O[R1a])O[R1b].O=C(CC([R2c])[X])[R1d],O=C(O[R1b])C(C(=O)O[R1a])C(CC(=O)[R1d])[R2c],O=C(CC(=O)O[R1a])O[R1b].O=C(CC([R2c])[X])[R1d]>>O=C(O[R1b])C(C(=O)O[R1a])C(CC(=O)[R1d])[R2c],methyl,aryl,,Base,library_1270_chapter_templates.json,9
9-025,"Alpha-alkylation of 1,3-dicarbonyl compounds",O=C(C(C(=O)[R1a])[R2b])[R1c].[R1d][X],O=C(C(C(=O)[R1a])([R1d])[R2b])[R1c],O=C(C(C(=O)[R1a])[R2b])[R1c].[R1d][X]>>O=C(C(C(=O)[R1a])([R1d])[R2b])[R1c],methyl,H;methyl,,Base,library_1270_chapter_templates.json,9
9-026,Alpha-alkylation of beta-keto ester enolates,O=C(O[R1a])C(C(=O)[R1b])[R2c].[R3d][X],O=C(O[R1a])C(C(=O)[R1b])([R3d])[R2c],O=C(O[R1a])C(C(=O)[R1b])[R2c].[R3d][X]>>O=C(O[R1a])C(C(=O)[R1b])([R3d])[R2c],methyl,H;primary,primary,Base,library_1270_chapter_templates.json,9
9-027,Alpha-alkylation of ketone enolates with LDA,O=C(C([R1a])[R1b])[R2c].[R3d][X],O=C(C([R3d])([R1a])[R1b])[R2c],O=C(C([R1a])[R1b])[R2c].[R3d][X]>>O=C(C([R3d])([R1a])[R1b])[R2c],H;methyl,methyl,methyl;primary;secondary,LDA,library_1270_chapter_templates.json,9
9-028,Alpha-alkylation of aldehydes,O=CC[R1a].[R2b][X],O=CC([R2b])[R1a],O=CC[R1a].[R2b][X]>>O=CC([R2b])[R1a],H;primary,methyl;primary;secondary,,LDA | H+ | tBuONa | Base | H+ | tBuONa,library_1270_chapter_templates.json,9
9-029,N-Alkylation of primary amides,NC(=O)[R1a].[R2b][X],O=C(N[R2b])[R1a],NC(=O)[R1a].[R2b][X]>>O=C(N[R2b])[R1a],methyl,methyl;primary;secondary,,LDA,library_1270_chapter_templates.json,9
9-030,Alpha-alkylation of methyl acetoacetate,CCCI.COC(=O)CC(C)=O,CCCC(C(C)=O)C(=O)OC,CCCI.COC(=O)CC(C)=O>>CCCC(C(C)=O)C(=O)OC,,,,Base,normalized_template_witnesses.json,9
9-031,Acid-catalyzed alpha-halogenation of ketones,O=C(C[R1a])[R1b].[X][X],O=C(C[X])[R1b],O=C(C[R1a])[R1b].[X][X]>>O=C(C[X])[R1b],methyl,,,,library_1270_chapter_templates.json,9
9-032,Alpha-halogenation of unsymmetrical ketones,O=C(C[R1a])C[R1b].[X][X],CC(=O)C([R1a])[X],O=C(C[R1a])C[R1b].[X][X]>>CC(=O)C([R1a])[X],methyl,,,,library_1270_chapter_templates.json,9
9-033,Hell-Volhard-Zelinsky alpha-halogenation of carboxylic acids,O=C(O)C([R1a])[R1b].[X][X],O=C(O)C([X])([R1a])[R1b],O=C(O)C([R1a])[R1b].[X][X]>>O=C(O)C([X])([R1a])[R1b],H;methyl,,,,library_1270_chapter_templates.json,9
9-034,Acid-catalyzed alpha-halogenation of aldehydes,O=CC([R1a])[R1b].[X][X],O=CC([X])([R1a])[R1b],O=CC([R1a])[R1b].[X][X]>>O=CC([X])([R1a])[R1b],H;methyl,,,H+,library_1270_chapter_templates.json,9
9-035,Base-promoted hydrolysis of formate esters,O=CO[R1a],O=CO,O=CO[R1a]>>O=CO,methyl;secondary;tertiary,,,NaOH,library_1270_chapter_templates.json,9
9-036,Cyanohydrin formation from aldehydes with cyanide,O=C[R1a].[C-]#N,N#CC(O)[R1a],O=C[R1a].[C-]#N>>N#CC(O)[R1a],primary,,,NaCN,library_1270_chapter_templates.json,9
9-037,Cyanohydrin formation from aldehydes and ketones,O=C([R1a])[R1b].C#N,N#CC(O)([R1a])[R1b],O=C([R1a])[R1b].C#N>>N#CC(O)([R1a])[R1b],H;methyl;primary,,,Base,library_1270_chapter_templates.json,9
9-038,Addition of acetylide anions to aldehydes and ketones,O=C([R1a])[R1b].[R2c],OC([R2c])([R1a])[R1b],O=C([R1a])[R1b].[R2c]>>OC([R2c])([R1a])[R1b],H;methyl;primary,alkynyl,,Base,library_1270_chapter_templates.json,9
9-039,Addition of propynide to 3-pentanone,C#CC.CCC(=O)CC,CC#CC(O)(CC)CC,C#CC.CCC(=O)CC>>CC#CC(O)(CC)CC,,,,Base,normalized_template_witnesses.json,9
9-040,Addition of propynide to formaldehyde,C#CC.C=O,CC#CCO,C#CC.C=O>>CC#CCO,,,,Base,normalized_template_witnesses.json,9
9-041,Addition of propynide to acetaldehyde,C#CC.CC=O,CC#CC(C)O,C#CC.CC=O>>CC#CC(C)O,,,,Base,normalized_template_witnesses.json,9
9-042,Deoxygenation of aldehydes and ketones to methylene groups,[R1a]=O,[R1a],[R1a]=O>>[R1a],methyl;primary;secondary;secondary_benzylic,,,"1) HSCH2CH2SH, HCl 2)H2,Ni | N2H4, NaOH, C4H10O3 | Zn-Hg, HCl | 1) HSCH2CH2SH, HCl 2)H2,Ni | N2H4, NaOH, C4H10O3 | Zn(Hg),HCl,heating",library_1270_chapter_templates.json,9
9-043,Deoxygenation of aliphatic ketones to alkanes,CCC(=O)C[R1a],CCCC[R1a],CCC(=O)C[R1a]>>CCCC[R1a],methyl,,,"1) HSCH2CH2SH, HCl 2)H2,Ni | N2H4, NaOH, C4H10O3 | Zn(Hg),HCl,heating",library_1270_chapter_templates.json,9
9-044,Imine formation from carbonyl compounds and ammonia,[R1a]=O.N,[R1a]=N,[R1a]=O.N>>[R1a]=N,methyl;primary;secondary,,,,library_1270_chapter_templates.json,9
9-045,Hydrazone formation from carbonyl compounds and hydrazine,[R1a]=O.NN,[R1a]=NN,[R1a]=O.NN>>[R1a]=NN,methyl;primary;secondary,,,,library_1270_chapter_templates.json,9
9-046,Oxime formation from carbonyl compounds and hydroxylamine,[R1a]=O.NO,[R1a]=NO,[R1a]=O.NO>>[R1a]=NO,methyl;primary;secondary,,,,library_1270_chapter_templates.json,9
9-047,Imine formation from 3-pentanone and ammonia,CCC(=O)CC.N,CCC(=N)CC,CCC(=O)CC.N>>CCC(=N)CC,,,,,normalized_template_witnesses.json,9
9-048,Hydrazone formation from 3-pentanone and hydrazine,CCC(=O)CC.NN,CCC(CC)=NN,CCC(=O)CC.NN>>CCC(CC)=NN,,,,,normalized_template_witnesses.json,9
9-049,Oxime formation from 3-pentanone and hydroxylamine,CCC(=O)CC.NO,CCC(CC)=NO,CCC(=O)CC.NO>>CCC(CC)=NO,,,,,normalized_template_witnesses.json,9
9-050,Clemmensen reduction of aryl alkyl ketones,CCC(=O)c1ccccc1,CCCc1ccccc1,CCC(=O)c1ccccc1>>CCCc1ccccc1,,,,"Zn-Hg, HCl",normalized_template_witnesses.json,9
9-051,Deoxygenation of methyl ketones to alkanes,CCC(C)=O,CCCC,CCC(C)=O>>CCCC,,,,"1) HSCH2CH2SH, HCl 2)H2,Ni | N2H4, NaOH, C4H10O3 | Zn(Hg),HCl,heating",normalized_template_witnesses.json,9
9-052,Substituted hydrazone formation from carbonyl compounds,[R1a]NN.[R2b]=O,[R2b]=NN[R1a],[R1a]NN.[R2b]=O>>[R2b]=NN[R1a],methyl,methyl;primary;secondary,,,library_1270_chapter_templates.json,9
9-053,Imine formation from carbonyl compounds and primary amines,[R1a]=O.[R2b]N,[R1a]=N[R2b],[R1a]=O.[R2b]N>>[R1a]=N[R2b],methyl;primary;secondary,methyl;aryl,,,library_1270_chapter_templates.json,9
9-054,Mannich aminomethylation of enolizable aldehydes,C=O.CC=O.N([R1a])[R1b],O=CCCN([R1a])[R1b],C=O.CC=O.N([R1a])[R1b]>>O=CCCN([R1a])[R1b],methyl,,,H+,library_1270_chapter_templates.json,9
9-055,Vilsmeier-Haack formylation of activated arenes,O=CN([R1a])[R1b].[R2c],O=C[R2c],O=CN([R1a])[R1b].[R2c]>>O=C[R2c],methyl,aryl,,PCl3,library_1270_chapter_templates.json,9
9-056,Schiff base formation from 3-pentanone and aniline,CCC(=O)CC.Nc1ccccc1,CCC(CC)=Nc1ccccc1,CCC(=O)CC.Nc1ccccc1>>CCC(CC)=Nc1ccccc1,,,,,normalized_template_witnesses.json,9
9-057,Methylhydrazone formation from 3-pentanone,CCC(=O)CC.CNN,CCC(CC)=NNC,CCC(=O)CC.CNN>>CCC(CC)=NNC,,,,,normalized_template_witnesses.json,9
9-058,N-Methylimine formation from 3-pentanone,CCC(=O)CC.CN,CCC(CC)=NC,CCC(=O)CC.CN>>CCC(CC)=NC,,,,,normalized_template_witnesses.json,9
9-059,Reduction of aldehydes and ketones to alcohols,[R1a]=O,[R1a]O,[R1a]=O>>[R1a]O,methyl;primary;secondary;secondary_benzylic,,,"H2, Pd or Ni | LiAlH4, diethyl etherorTHF | H2, Pd or Ni | LiAlH4, diethyl etherorTHF | NaBH4, alcohol | LiAlH4",library_1270_chapter_templates.json,9
9-060,Hydroxymethylation of aldehydes with formaldehyde,C=O.O=CC[R1a],O=CC(CO)[R1a],C=O.O=CC[R1a]>>O=CC(CO)[R1a],methyl,,,,library_1270_chapter_templates.json,9
9-061,Bisulfite addition to aldehydes and ketones,O=C([R1a])[R1b].O=S(O)O,O=S(=O)(O)C(O)([R1a])[R1b],O=C([R1a])[R1b].O=S(O)O>>O=S(=O)(O)C(O)([R1a])[R1b],H;methyl;primary,,,,library_1270_chapter_templates.json,9
9-062,Acid-catalyzed hydroxyalkylation of arenes with formaldehyde,C=O.[R1a],OC[R1a],C=O.[R1a]>>OC[R1a],aryl,,,H+,library_1270_chapter_templates.json,9
9-063,Benzoin condensation of aromatic aldehydes,O=C[R1a].O=C[R1b],O=C(C(O)[R1a])[R1b],O=C[R1a].O=C[R1b]>>O=C(C(O)[R1a])[R1b],aryl,,,"NaCN,C2H5OH",library_1270_chapter_templates.json,9
9-064,Reduction of propanal to 1-propanol,CCC=O,CCCO,CCC=O>>CCCO,,,,,normalized_template_witnesses.json,9
9-065,Reduction of 3-pentanone to 3-pentanol,CCC(=O)CC,CCC(O)CC,CCC(=O)CC>>CCC(O)CC,,,,"H2, Pd or Ni | LiAlH4, diethyl etherorTHF | NaBH4, alcohol",normalized_template_witnesses.json,9
9-066,Hydrolysis of acyl halides to carboxylic acids,O=C([X])[R1a].O,O=C(O)[R1a],O=C([X])[R1a].O>>O=C(O)[R1a],primary,,,,library_1270_chapter_templates.json,9
9-067,Saponification of formate esters,O=CO[R1a],O=CO,O=CO[R1a]>>O=CO,primary,,,NaOH,library_1270_chapter_templates.json,9
9-068,Hydrolysis and decarboxylation of beta-keto esters,O=C(O[R1a])C(C(=O)[R1b])([R2c])[R2d],O=C(O[R1a])C([R2c])[R2d],O=C(O[R1a])C(C(=O)[R1b])([R2c])[R2d]>>O=C(O[R1a])C([R2c])[R2d],methyl,primary,,"H2O,NaOH",library_1270_chapter_templates.json,9
9-069,Reduction of carboxylic acids to primary alcohols,O=C(O)[R1a],OC[R1a],O=C(O)[R1a]>>OC[R1a],methyl;primary,,,"LiAlH4 | (BH3)2 | LiAlH4, diethyl etherorTHF",library_1270_chapter_templates.json,9
9-070,Claisen ester condensation to beta-keto esters,CC(=O)O[R1a].O=C(O[R2b])[R1c],O=C(CC(=O)[R1c])O[R1a],CC(=O)O[R1a].O=C(O[R2b])[R1c]>>O=C(CC(=O)[R1c])O[R1a],methyl,methyl;primary,,NaOEt,library_1270_chapter_templates.json,9
9-071,Crossed Claisen-type acylation of aldehyde enolates with esters,CC=O.O=C(O[R1a])[R1b],O=CCC(=O)[R1b],CC=O.O=C(O[R1a])[R1b]>>O=CCC(=O)[R1b],methyl,,,NaOR,library_1270_chapter_templates.json,9
9-072,Alpha-alkylation of beta-keto ester enolates under Claisen conditions,O=C(O[R1a])C(C(=O)[R1b])[R2c].[R3d][X],O=C(O[R1a])C(C(=O)[R1b])([R3d])[R2c],O=C(O[R1a])C(C(=O)[R1b])[R2c].[R3d][X]>>O=C(O[R1a])C(C(=O)[R1b])([R3d])[R2c],methyl,H;primary,primary,NaOEt,library_1270_chapter_templates.json,9
9-073,Alkylation of carboxylates with alkyl halides to form esters,O=C(O)[R1a].[R2b][X],O=CO[R2b],O=C(O)[R1a].[R2b][X]>>O=CO[R2b],methyl,methyl;primary,,,library_1270_chapter_templates.json,9
9-074,Decarboxylation of beta-keto acids,O=C(O)C(C(=O)[R1a])([R2b])[R2c],O=C(O)C([R2b])[R2c],O=C(O)C(C(=O)[R1a])([R2b])[R2c]>>O=C(O)C([R2b])[R2c],methyl,primary,,"H2O,NaOH",library_1270_chapter_templates.json,9
9-075,Decarboxylation of substituted malonic acids,O=C(O)C(C(=O)O)[R1a],O=C(O)C[R1a],O=C(O)C(C(=O)O)[R1a]>>O=C(O)C[R1a],primary,,,"H2O,NaOH",library_1270_chapter_templates.json,9
9-076,Bouveault-Blanc reduction of esters to alcohols,O=C(O[R1a])[R2b],[R1a]O,O=C(O[R1a])[R2b]>>[R1a]O,primary,methyl,,(BH3)2 | Na,library_1270_chapter_templates.json,9
9-077,Hofmann rearrangement of substituted primary amides,NC(=O)[R1a],[R1a]N,NC(=O)[R1a]>>[R1a]N,secondary;tertiary,,,"Br2,NaOH",library_1270_chapter_templates.json,9
9-078,Hofmann rearrangement of butanamides to propylamines,NC(=O)C[R1a],CCN,NC(=O)C[R1a]>>CCN,methyl,,,"Br2,NaOH",library_1270_chapter_templates.json,9
9-079,Hofmann rearrangement of acetamides to methylamine,NC(=O)[R1a],CN,NC(=O)[R1a]>>CN,methyl,,,"Br2,NaOH",library_1270_chapter_templates.json,9
9-080,"Conjugate addition of hydrogen halides to alpha,beta-unsaturated carbonyls",O=C(C=C[R1a])[R2b].[XH],O=C(CC([R1a])[X])[R2b],O=C(C=C[R1a])[R2b].[XH]>>O=C(CC([R1a])[X])[R2b],aryl,methyl,,,library_1270_chapter_templates.json,9
9-081,"Conjugate addition of Grignard reagents to alpha,beta-unsaturated carbonyls",O=C(C=C([R1a])[R1b])[R1c].[Mg]([R2d])[X],O=C(CC([R2d])([R1a])[R1b])[R1c],O=C(C=C([R1a])[R1b])[R1c].[Mg]([R2d])[X]>>O=C(CC([R2d])([R1a])[R1b])[R1c],methyl,primary,,,library_1270_chapter_templates.json,9
9-082,"Michael addition of malonate esters to alpha,beta-unsaturated aldehydes",O=C(CC(=O)O[R1a])O[R1b].O=CC(=C([R2c])[R2d])[R2e],O=CC(C(C(C(=O)O[R1b])C(=O)O[R1a])([R2c])[R2d])[R2e],O=C(CC(=O)O[R1a])O[R1b].O=CC(=C([R2c])[R2d])[R2e]>>O=CC(C(C(C(=O)O[R1b])C(=O)O[R1a])([R2c])[R2d])[R2e],methyl,H;methyl,,,library_1270_chapter_templates.json,9
9-083,Hydrolysis of nitriles to carboxylic acids,N#C[R1a].O.O,O=C(O)[R1a],N#C[R1a].O.O>>O=C(O)[R1a],primary,,,,library_1270_chapter_templates.json,9
9-084,Reduction of nitriles to primary amines,[R1a]#N,[R1a]N,[R1a]#N>>[R1a]N,primary;benzyl,,,"1)SnCl2,HCl 2)H2O | LiAlH4, diethyl etherorTHF",library_1270_chapter_templates.json,9
10-001,Alkylation of secondary amines to tertiary amines,[R1a][X].[R2b]N[R2c],[R1a]N([R2b])[R2c],[R1a][X].[R2b]N[R2c]>>[R1a]N([R2b])[R2c],methyl;primary;secondary;tertiary,methyl,,,library_1270_chapter_templates.json,10
10-002,Alkylation of primary amines to secondary amines,[R1a][X].[R2b]N,[R1a]N[R2b],[R1a][X].[R2b]N>>[R1a]N[R2b],methyl;primary;secondary;tertiary,methyl,,,library_1270_chapter_templates.json,10
10-003,Alkylation of ammonia to primary amines,[R1a][X].N,[R1a]N,[R1a][X].N>>[R1a]N,primary,,,,library_1270_chapter_templates.json,10
10-004,N-Alkylation of primary amides with alkyl halides,NC(=O)[R1a].[R2b][X],O=C(N[R2b])[R1a],NC(=O)[R1a].[R2b][X]>>O=C(N[R2b])[R1a],methyl,primary,,,library_1270_chapter_templates.json,10
10-005,N-Alkylation of secondary amides with alkyl halides,O=C(N[R1a])[R2b].[R1c][X],O=C(N([R1c])[R1a])[R2b],O=C(N[R1a])[R2b].[R1c][X]>>O=C(N([R1c])[R1a])[R2b],primary,methyl,,Base,library_1270_chapter_templates.json,10
10-006,Nucleophilic substitution of alkyl halides with ammonia,[R1a][X].N,[R1a]N,[R1a][X].N>>[R1a]N,methyl;primary;secondary;tertiary,,,,library_1270_chapter_templates.json,10
10-007,O-Alkylation of phenols with alkyldiazonium reagents,[R1a]O.[R2b]#[N+][R2c],[R2c]O[R1a],[R1a]O.[R2b]#[N+][R2c]>>[R2c]O[R1a],aryl,methyl,,,library_1270_chapter_templates.json,10
10-008,Diazotization of primary amines,[R1a]N.O=NO,[R1a][N+]#N,[R1a]N.O=NO>>[R1a][N+]#N,methyl;aryl,,,HCl,library_1270_chapter_templates.json,10
10-009,Curtius rearrangement of acyl azides to amines,N#[N+][N-]C(=O)[R1a],[R1a]N,N#[N+][N-]C(=O)[R1a]>>[R1a]N,methyl;primary;secondary;tertiary;aryl,,,1)inert solvent 2) H2O,library_1270_chapter_templates.json,10
10-010,Formation of diazoketones from acyl halides and diazomethane,O=C([R1a])[X].[CH2-][N+]#N,[N-]=[N+]=CC(=O)[R1a],O=C([R1a])[X].[CH2-][N+]#N>>[N-]=[N+]=CC(=O)[R1a],methyl,,,,library_1270_chapter_templates.json,10
10-011,Methylation of oxygen nucleophiles with diazomethane,O[R1a].[CH2-][N+]#N,CO[R1a],O[R1a].[CH2-][N+]#N>>CO[R1a],methyl,,,,library_1270_chapter_templates.json,10
10-012,Wolff rearrangement of diazoketones to homologated amides,N#[N+]CC(=O)[R1a],NC(=O)C[R1a],N#[N+]CC(=O)[R1a]>>NC(=O)C[R1a],methyl,,,Ag2O,library_1270_chapter_templates.json,10
10-013,Azo coupling of arenediazonium salts,[R1a][N+]#N.[R1b],[R1a]N=N[R1b],[R1a][N+]#N.[R1b]>>[R1a]N=N[R1b],aryl,,,NaOH,library_1270_chapter_templates.json,10
10-014,Sandmeyer halogenation of arenediazonium salts,[R1a][N+]#N.[Cu][X],[R1a][X],[R1a][N+]#N.[Cu][X]>>[R1a][X],aryl,,,,library_1270_chapter_templates.json,10
10-015,Hydrolysis of arenediazonium salts to phenols,[R1a][N+]#N.O,[R1a]O,[R1a][N+]#N.O>>[R1a]O,aryl,,,,library_1270_chapter_templates.json,10
10-016,Cope elimination of amine N-oxides with one alkene orientation,C(N([R1a])[R1b])([R1c])[R2d],C([R1a])([R1c])=[R2d],C(N([R1a])[R1b])([R1c])[R2d]>>C([R1a])([R1c])=[R2d],methyl,methyl;primary;secondary,,1) H2O2 2)heating,library_1270_chapter_templates.json,10
10-017,Cope elimination of amine N-oxides with an alternative alkene orientation,C(N([R1a])[R1b])([R2c])[R3d],C(=[R2c])[R3d],C(N([R1a])[R1b])([R2c])[R3d]>>C(=[R2c])[R3d],methyl,methyl;primary;secondary,H;methyl,1) H2O2 2)heating,library_1270_chapter_templates.json,10
10-018,Enamine formation from ketones and secondary amines,O=C([R1a])[R2b].[R1c]N[R1d],C(N([R1c])[R1d])([R1a])=[R2b],O=C([R1a])[R2b].[R1c]N[R1d]>>C(N([R1c])[R1d])([R1a])=[R2b],methyl,methyl;primary;secondary,,H+,library_1270_chapter_templates.json,10
10-019,Reduction of aromatic nitro compounds to anilines,[R1a][N+](=O)[O-],[R1a]N,[R1a][N+](=O)[O-]>>[R1a]N,aryl,,,,library_1270_chapter_templates.json,10
11-001,Diels-Alder reaction of pyrrole with substituted alkenes,C(=C[R1a])[R1b].c1cc[nH]c1,C1=CC2NC1C([R1b])C2[R1a],C(=C[R1a])[R1b].c1cc[nH]c1>>C1=CC2NC1C([R1b])C2[R1a],methyl,,,heating,library_1270_chapter_templates.json,11
11-002,Diels-Alder reaction of furan with substituted alkenes,C(=C[R1a])[R1b].c1ccoc1,C1=CC2OC1C([R1b])C2[R1a],C(=C[R1a])[R1b].c1ccoc1>>C1=CC2OC1C([R1b])C2[R1a],methyl,,,heating,library_1270_chapter_templates.json,11
11-003,Diels-Alder reaction of thiophene with substituted alkenes,C(=C[R1a])[R1b].c1ccsc1,C1=CC2SC1C([R1b])C2[R1a],C(=C[R1a])[R1b].c1ccsc1>>C1=CC2SC1C([R1b])C2[R1a],methyl,,,heating,library_1270_chapter_templates.json,11
11-004,Diels-Alder reaction of thiophene with ethene,C=C.c1ccsc1,C1=CC2CCC1S2,C=C.c1ccsc1>>C1=CC2CCC1S2,,,,heating,library_1270_chapter_templates.json,11
11-005,Diels-Alder reaction of furan with ethene,C=C.c1ccoc1,C1=CC2CCC1O2,C=C.c1ccoc1>>C1=CC2CCC1O2,,,,heating,library_1270_chapter_templates.json,11
11-006,Diels-Alder reaction of pyrrole with ethene,C=C.c1cc[nH]c1,C1=CC2CCC1N2,C=C.c1cc[nH]c1>>C1=CC2CCC1N2,,,,heating,library_1270_chapter_templates.json,11
11-007,Catalytic hydrogenation of pyrrole to pyrrolidine,c1cc[nH]c1,C1CCNC1,c1cc[nH]c1>>C1CCNC1,,,,"H2, Pd or Ni",library_1270_chapter_templates.json,11
11-008,Catalytic hydrogenation of thiophene to tetrahydrothiophene,c1ccsc1,C1CCSC1,c1ccsc1>>C1CCSC1,,,,"H2, Pd or Ni",library_1270_chapter_templates.json,11
11-009,Catalytic hydrogenation of furan to tetrahydrofuran,c1ccoc1,C1CCOC1,c1ccoc1>>C1CCOC1,,,,"H2, Pd or Ni",library_1270_chapter_templates.json,11
11-010,Oxidation of alkylpyridine side chains to pyridinecarboxylic acids,Cc1ccccn1.O=[Mn](=O)(=O)[O-],O=C(O)c1ccccn1,Cc1ccccn1.O=[Mn](=O)(=O)[O-]>>O=C(O)c1ccccn1,,,,KMnO4,library_1270_chapter_templates.json,11
11-011,Nucleophilic substitution of halopyridines by hydroxide,[X]c1ccccn1.O,Oc1ccccn1,[X]c1ccccn1.O>>Oc1ccccn1,,,,NaOH,library_1270_chapter_templates.json,11
11-012,Electrophilic halogenation of pyridine,c1ccncc1.[X][X],[X]c1ccccn1,c1ccncc1.[X][X]>>[X]c1ccccn1,,,,,library_1270_chapter_templates.json,11
11-013,Electrophilic halogenation of thiophene,c1ccsc1.[X][X],[X]c1cccs1,c1ccsc1.[X][X]>>[X]c1cccs1,,,,,library_1270_chapter_templates.json,11
11-014,Electrophilic halogenation of furan,c1ccoc1.[X][X],[X]c1ccco1,c1ccoc1.[X][X]>>[X]c1ccco1,,,,,library_1270_chapter_templates.json,11
11-015,Friedel-Crafts acylation of pyridine,O=C([X])[R1a].c1ccncc1,O=C(c1ccccn1)[R1a],O=C([X])[R1a].c1ccncc1>>O=C(c1ccccn1)[R1a],methyl,,,,library_1270_chapter_templates.json,11
11-016,Electrophilic nitration of pyridine,c1ccncc1.O=[N+]([O-])O,O=[N+]([O-])c1ccccn1,c1ccncc1.O=[N+]([O-])O>>O=[N+]([O-])c1ccccn1,,,,,library_1270_chapter_templates.json,11
11-017,Nucleophilic substitution of pyridine with organolithium reagents,[R1a][Li].c1ccncc1,c1ccc([R1a])nc1,[R1a][Li].c1ccncc1>>c1ccc([R1a])nc1,methyl,,,O2,library_1270_chapter_templates.json,11
